Category,Item
africa,aardvark
africa,aardwolf
africa,african buffalo
africa,african elephant
africa,african penguin
africa,african wild dog
africa,antelope
africa,ape
africa,aye aye
africa,baboon
africa,ball python
africa,black mamba
africa,black panther
africa,black rhinoceros
africa,bonobo
africa,buffalo
africa,bush baby
africa,camel
africa,cheetah
africa,chimpanzee
africa,civet
africa,cobra
africa,dik dik
africa,duiker
africa,eland
africa,elephant
africa,fennec fox
africa,gazelle
africa,genet
africa,giraffe
africa,gnu
africa,gorilla
africa,guineafowl
africa,hippo
africa,hippopotamus
africa,honey badger
africa,hyena
africa,impala
africa,jackal
africa,kongoni
africa,kudu
africa,lemur
africa,leopard
africa,lion
africa,lioness
africa,macaque
africa,meerkat
africa,mongoose
africa,mousebird
africa,naked mole rat
africa,okapi
africa,oryx
africa,ostrich
africa,painted dog
africa,pangolin
africa,rhino
africa,rhinoceros
africa,ring tailed lemur
africa,rock hyrax
africa,sifaka
africa,silverback
africa,springbok
africa,steenbok
africa,tigerfish
africa,warthog
africa,white lion
africa,white rhinoceros
africa,wildebeest
africa,zebra
arcticAntarctica,alaskan wolf
arcticAntarctica,arctic fox
arcticAntarctica,beluga whale
arcticAntarctica,canada goose
arcticAntarctica,caribou
arcticAntarctica,emperor penguin
arcticAntarctica,greenland shark
arcticAntarctica,husky
arcticAntarctica,lemming
arcticAntarctica,malamute
arcticAntarctica,muskox
arcticAntarctica,narwhal
arcticAntarctica,penguin
arcticAntarctica,polar bear
arcticAntarctica,reindeer
arcticAntarctica,siberian husky
arcticAntarctica,snowy owl
arcticAntarctica,walrus
arcticAntarctica,wolverine
asiaEurasia,ape
asiaEurasia,asian elephant
asiaEurasia,bengal tiger
asiaEurasia,binturong
asiaEurasia,bison
asiaEurasia,black bear
asiaEurasia,black panther
asiaEurasia,black squirrel
asiaEurasia,blue ringed octopus
asiaEurasia,box turtle
asiaEurasia,brown bear
asiaEurasia,camel
asiaEurasia,chamois
asiaEurasia,chinese crocodile lizard
asiaEurasia,chinese water dragon
asiaEurasia,chipmunk
asiaEurasia,civet
asiaEurasia,clouded leopard
asiaEurasia,cobra
asiaEurasia,elephant
asiaEurasia,elk
asiaEurasia,gaur
asiaEurasia,gazelle
asiaEurasia,giant panda
asiaEurasia,gibbon
asiaEurasia,golden marmot
asiaEurasia,green tree python
asiaEurasia,honey badger
asiaEurasia,jackal
asiaEurasia,japanese beetle
asiaEurasia,junglefowl
asiaEurasia,king cobra
asiaEurasia,komodo dragon
asiaEurasia,leopard
asiaEurasia,lion
asiaEurasia,lioness
asiaEurasia,long tailed lizard
asiaEurasia,loris
asiaEurasia,macaque
asiaEurasia,moose
asiaEurasia,myna
asiaEurasia,orangutan
asiaEurasia,oryx
asiaEurasia,pallass cat
asiaEurasia,panda
asiaEurasia,pangolin
asiaEurasia,peacock
asiaEurasia,potbellied pig
asiaEurasia,red panda
asiaEurasia,rhino
asiaEurasia,rhinoceros
asiaEurasia,siberian tiger
asiaEurasia,sloth bear
asiaEurasia,snow leopard
asiaEurasia,snow lion
asiaEurasia,snow monkey
asiaEurasia,sun bear
asiaEurasia,tapir
asiaEurasia,tarsier
asiaEurasia,tibetan wolf
asiaEurasia,tiger
asiaEurasia,water buffalo
asiaEurasia,water monitor
asiaEurasia,white tiger
australia,bandicoot
australia,bearded dragon
australia,blue ringed octopus
australia,blue tongued skink
australia,dingo
australia,echidna
australia,emu
australia,fairy tern
australia,fierce snake
australia,green tree python
australia,kangaroo
australia,kiwi
australia,kiwi bird
australia,koala
australia,koala bear
australia,pink tongued skink
australia,platypus
australia,quokka
australia,rainbowfish
australia,sugar glider
australia,tasmanian devil
australia,tasmanian tiger
australia,wallaby
australia,wallaroo
australia,wombat
bears,bear
bears,black bear
bears,brown bear
bears,cub
bears,giant panda
bears,grizzly bear
bears,kodiak bear
bears,panda
bears,polar bear
bears,sloth bear
bears,sun bear
beastsOfBurden,ass
beastsOfBurden,burro
beastsOfBurden,camel
beastsOfBurden,colt
beastsOfBurden,donkey
beastsOfBurden,dromedary
beastsOfBurden,foal
beastsOfBurden,hinny
beastsOfBurden,horse
beastsOfBurden,husky
beastsOfBurden,llama
beastsOfBurden,malamute
beastsOfBurden,mare
beastsOfBurden,mule
beastsOfBurden,mustang
beastsOfBurden,ox
beastsOfBurden,pony
beastsOfBurden,siberian husky
beastsOfBurden,stallion
beastsOfBurden,steer
beastsOfBurden,trotter
beastsOfBurden,yak
birdsBats,african penguin
birdsBats,albatross
birdsBats,american woodcock
birdsBats,auk
birdsBats,avian
birdsBats,bald eagle
birdsBats,barn owl
birdsBats,bat
birdsBats,bird
birdsBats,bird of paradise
birdsBats,black hawk
birdsBats,blackbird
birdsBats,blue footed booby
birdsBats,blue jay
birdsBats,bluebird
birdsBats,bobolink
birdsBats,booby
birdsBats,budgie
birdsBats,bullfinch
birdsBats,bunting
birdsBats,buzzard
birdsBats,california condor
birdsBats,canada goose
birdsBats,canary
birdsBats,cardinal
birdsBats,chick
birdsBats,chickadee
birdsBats,chicken
birdsBats,cockatiel
birdsBats,cockatoo
birdsBats,condor
birdsBats,conure
birdsBats,coopers hawk
birdsBats,crane
birdsBats,crow
birdsBats,cuckoo
birdsBats,dodo
birdsBats,dove
birdsBats,drake
birdsBats,duck
birdsBats,duckling
birdsBats,eagle
birdsBats,eaglet
birdsBats,egret
birdsBats,emperor penguin
birdsBats,emu
birdsBats,fairy tern
birdsBats,falcon
birdsBats,finch
birdsBats,flamingo
birdsBats,flying fox
birdsBats,fowl
birdsBats,fruit bat
birdsBats,gander
birdsBats,golden eagle
birdsBats,golden plover
birdsBats,goldfinch
birdsBats,goose
birdsBats,goshawk
birdsBats,gosling
birdsBats,grackle
birdsBats,great blue heron
birdsBats,great horned owl
birdsBats,greater yellowlegs
birdsBats,grebe
birdsBats,grouse
birdsBats,guineafowl
birdsBats,gull
birdsBats,harrier
birdsBats,hawk
birdsBats,hen
birdsBats,heron
birdsBats,hummingbird
birdsBats,ibis
birdsBats,jackdaw
birdsBats,jay
birdsBats,junglefowl
birdsBats,killdeer
birdsBats,kingfisher
birdsBats,kite
birdsBats,kiwi
birdsBats,kiwi bird
birdsBats,lark
birdsBats,lesser yellowlegs
birdsBats,loon
birdsBats,macaw
birdsBats,magpie
birdsBats,mallard
birdsBats,merlin
birdsBats,mockingbird
birdsBats,mockingjay
birdsBats,mousebird
birdsBats,myna
birdsBats,nightingale
birdsBats,oriole
birdsBats,osprey
birdsBats,ostrich
birdsBats,owl
birdsBats,pacific golden plover
birdsBats,parakeet
birdsBats,parrot
birdsBats,partridge
birdsBats,peacock
birdsBats,pelican
birdsBats,penguin
birdsBats,peregrine
birdsBats,peregrine falcon
birdsBats,pheasant
birdsBats,pigeon
birdsBats,puffin
birdsBats,quail
birdsBats,quetzal
birdsBats,raptor
birdsBats,raven
birdsBats,red tailed hawk
birdsBats,rhea
birdsBats,roadrunner
birdsBats,robin
birdsBats,rooster
birdsBats,rosy finch
birdsBats,sandpiper
birdsBats,screech owl
birdsBats,seagull
birdsBats,shrike
birdsBats,snow goose
birdsBats,snowy owl
birdsBats,solitary sandpiper
birdsBats,song sparrow
birdsBats,songbird
birdsBats,sparrow
birdsBats,spoonbill
birdsBats,starling
birdsBats,stilt
birdsBats,stork
birdsBats,swallow
birdsBats,swallowtail
birdsBats,swamp sparrow
birdsBats,swan
birdsBats,swift
birdsBats,tanager
birdsBats,tern
birdsBats,thrush
birdsBats,toucan
birdsBats,tree sparrow
birdsBats,tufted titmouse
birdsBats,turkey
birdsBats,turkey vulture
birdsBats,vulture
birdsBats,wilsons snipe
birdsBats,woodpecker
birdsBats,wren
bovineDeer,african buffalo
bovineDeer,american bison
bovineDeer,antelope
bovineDeer,bighorn sheep
bovineDeer,billy goat
bovineDeer,bison
bovineDeer,black tailed deer
bovineDeer,buck
bovineDeer,buffalo
bovineDeer,bull
bovineDeer,bullock
bovineDeer,calf
bovineDeer,caribou
bovineDeer,cattle
bovineDeer,chamois
bovineDeer,cow
bovineDeer,deer
bovineDeer,dik dik
bovineDeer,doe
bovineDeer,duiker
bovineDeer,eland
bovineDeer,elk
bovineDeer,ewe
bovineDeer,fawn
bovineDeer,gaur
bovineDeer,gazelle
bovineDeer,gnu
bovineDeer,goat
bovineDeer,heifer
bovineDeer,holstein cow
bovineDeer,impala
bovineDeer,jersey cow
bovineDeer,kongoni
bovineDeer,kudu
bovineDeer,lamb
bovineDeer,moose
bovineDeer,mountain goat
bovineDeer,mule deer
bovineDeer,muskox
bovineDeer,oryx
bovineDeer,ox
bovineDeer,pronghorn
bovineDeer,ram
bovineDeer,red deer
bovineDeer,reindeer
bovineDeer,roe
bovineDeer,roebuck
bovineDeer,sheep
bovineDeer,springbok
bovineDeer,stag
bovineDeer,steenbok
bovineDeer,steer
bovineDeer,water buffalo
bovineDeer,white deer
bovineDeer,white tailed deer
bovineDeer,wildebeest
bovineDeer,yak
canines,african wild dog
canines,akita
canines,alaskan wolf
canines,arctic fox
canines,basset hound
canines,beagle
canines,berger picard
canines,black lab
canines,bloodhound
canines,border collie
canines,boxer
canines,bulldog
canines,canine
canines,chihuahua
canines,chocolate labrador
canines,cockapoo
canines,cocker spaniel
canines,corgi
canines,coyote
canines,coywolf
canines,dachshund
canines,dalmatian
canines,dingo
canines,doberman
canines,dog
canines,english bulldog
canines,fennec fox
canines,fox
canines,french bulldog
canines,german shepherd
canines,golden retriever
canines,goldendoodle
canines,great dane
canines,greyhound
canines,hanover hound
canines,harrier
canines,havanese dog
canines,husky
canines,jack russell terrier
canines,jackal
canines,labrador
canines,labrador retriever
canines,malamute
canines,maltese dog
canines,maned wolf
canines,mexican wolf
canines,mutt
canines,newfoundland
canines,painted dog
canines,pembroke welsh corgi
canines,pit bull
canines,pomeranian
canines,poodle
canines,pug
canines,puggle
canines,pup
canines,puppy
canines,red wolf
canines,rottweiler
canines,saint bernard
canines,schnauzer
canines,sheep dog
canines,shiba inu
canines,shih tzu
canines,siberian husky
canines,terrier
canines,tibetan wolf
canines,timber wolf
canines,toy poodle
canines,wiener dog
canines,wolf
canines,wolfhound
extinct,allosaurus
extinct,brachiosaurus
extinct,dinosaur
extinct,dodo
extinct,mammoth
extinct,mastodon
extinct,megalodon
extinct,pterodactyl
extinct,raptor
extinct,saber toothed tiger
extinct,stegosaurus
extinct,tasmanian tiger
extinct,triceratops
extinct,tyrannosaurus rex
extinct,velociraptor
extinct,woolly mammoth
farm,ass
farm,billy goat
farm,boar
farm,bronco
farm,bull
farm,bullock
farm,burro
farm,calf
farm,cattle
farm,chick
farm,chicken
farm,colt
farm,cow
farm,donkey
farm,ferret
farm,foal
farm,goat
farm,heifer
farm,hen
farm,hinny
farm,hog
farm,holstein cow
farm,horse
farm,jersey cow
farm,lamb
farm,mare
farm,miniature horse
farm,miniature pig
farm,miniature pony
farm,mule
farm,pig
farm,piglet
farm,pony
farm,potbellied pig
farm,ram
farm,rooster
farm,sheep
farm,sheep dog
farm,sow
farm,stallion
farm,turkey
felines,bengal cat
felines,bengal tiger
felines,black panther
felines,bobcat
felines,calico cat
felines,cat
felines,cheetah
felines,clouded leopard
felines,cougar
felines,devon rex
felines,feline
felines,jaguar
felines,kitten
felines,leopard
felines,liger
felines,lion
felines,lioness
felines,lynx
felines,maine coon
felines,mountain lion
felines,munchkin cat
felines,ocelot
felines,pallass cat
felines,panther
felines,puma
felines,saber toothed tiger
felines,savannah cat
felines,short haired cat
felines,siamese cat
felines,siberian cat
felines,siberian tiger
felines,snow leopard
felines,snow lion
felines,tabby cat
felines,tiger
felines,tigon
felines,tomcat
felines,white lion
felines,white tiger
felines,wildcat
fish,amberjack
fish,anchovy
fish,angelfish
fish,anglerfish
fish,arrowhead shark
fish,barracuda
fish,basking shark
fish,bass
fish,betta fish
fish,blackfish
fish,blacktip reef shark
fish,blacktip shark
fish,blobfish
fish,blowfish
fish,bluefin tuna
fish,bluefish
fish,bluegill
fish,bull shark
fish,carp
fish,catfish
fish,clownfish
fish,cod
fish,corydoras
fish,crappie
fish,croaker
fish,cuttlefish
fish,deep sea fish
fish,dogfish
fish,eel
fish,electric eel
fish,fish
fish,flounder
fish,flying fish
fish,freshwater fish
fish,gar
fish,goldfish
fish,great white shark
fish,greenland shark
fish,grenadier
fish,grouper
fish,grunt
fish,guppy
fish,hammerhead shark
fish,herring
fish,hornyhead chub
fish,jack
fish,koi
fish,lamprey
fish,lane snapper
fish,lionfish
fish,mackerel
fish,mako shark
fish,manta ray
fish,marlin
fish,megalodon
fish,milk shark
fish,minnow
fish,muskellunge
fish,parrotfish
fish,perch
fish,pike
fish,pink salmon
fish,piranha
fish,pleco
fish,pollock
fish,pufferfish
fish,rainbow trout
fish,rainbowfish
fish,ray
fish,red snapper
fish,remora fish
fish,salmon
fish,saltwater fish
fish,sand tiger shark
fish,sardine
fish,sawfish
fish,sea bass
fish,seahorse
fish,shark
fish,smelt
fish,snapper
fish,stickleback
fish,stingray
fish,sturgeon
fish,suckerfish
fish,sunfish
fish,swordfish
fish,tarpon
fish,tetra
fish,tigerfish
fish,tigershark
fish,tilapia
fish,trout
fish,tuna
fish,walleye
fish,whale shark
fish,yellowfin tuna
fish,yellowtail
fish,yellowtail snapper
furWool,alpaca
furWool,beaver
furWool,camel
furWool,chinchilla
furWool,ermine
furWool,fennec fox
furWool,fisher
furWool,fox
furWool,goat
furWool,llama
furWool,marten
furWool,mink
furWool,muskox
furWool,nutria
furWool,rabbit
furWool,sable
furWool,sheep
furWool,stoat
furWool,vicuna
furWool,yak
insectivores,aardvark
insectivores,aardwolf
insectivores,anteater
insectivores,armadillo
insectivores,bat
insectivores,echidna
insectivores,hedgehog
insectivores,mole
insectivores,pangolin
insectivores,shrew
insectsSpiders,ant
insectsSpiders,antlion
insectsSpiders,aphid
insectsSpiders,arachnid
insectsSpiders,banana spider
insectsSpiders,bed bug
insectsSpiders,bee
insectsSpiders,beetle
insectsSpiders,black widow
insectsSpiders,brown recluse
insectsSpiders,bug
insectsSpiders,bumblebee
insectsSpiders,butterfly
insectsSpiders,carpenter ant
insectsSpiders,caterpillar
insectsSpiders,centipede
insectsSpiders,cicada
insectsSpiders,cockroach
insectsSpiders,cricket
insectsSpiders,daddy long legs
insectsSpiders,deer fly
insectsSpiders,dragonfly
insectsSpiders,dung beetle
insectsSpiders,earthworm
insectsSpiders,earwig
insectsSpiders,fire ant
insectsSpiders,firefly
insectsSpiders,flea
insectsSpiders,fly
insectsSpiders,fruit fly
insectsSpiders,gnat
insectsSpiders,grasshopper
insectsSpiders,grub
insectsSpiders,hobo spider
insectsSpiders,honeybee
insectsSpiders,hornet
insectsSpiders,horse fly
insectsSpiders,housefly
insectsSpiders,inchworm
insectsSpiders,insect
insectsSpiders,japanese beetle
insectsSpiders,june beetle
insectsSpiders,katydid
insectsSpiders,ladybug
insectsSpiders,larva
insectsSpiders,leech
insectsSpiders,lepidoptera
insectsSpiders,lice
insectsSpiders,lightning bug
insectsSpiders,locust
insectsSpiders,louse
insectsSpiders,maggot
insectsSpiders,mayfly
insectsSpiders,mealworm
insectsSpiders,millipede
insectsSpiders,mite
insectsSpiders,monarch butterfly
insectsSpiders,mosquito
insectsSpiders,moth
insectsSpiders,nematode
insectsSpiders,penis worm
insectsSpiders,pill bug
insectsSpiders,praying mantis
insectsSpiders,roundworm
insectsSpiders,scorpion
insectsSpiders,slug
insectsSpiders,snail
insectsSpiders,spider
insectsSpiders,stag beetle
insectsSpiders,stick insect
insectsSpiders,stink bug
insectsSpiders,tapeworm
insectsSpiders,tarantula
insectsSpiders,termite
insectsSpiders,tick
insectsSpiders,trapdoor spider
insectsSpiders,wasp
insectsSpiders,water bug
insectsSpiders,weevil
insectsSpiders,wood spider
insectsSpiders,worm
insectsSpiders,yellow jacket
marsupials,bandicoot
marsupials,kangaroo
marsupials,koala
marsupials,koala bear
marsupials,marsupial
marsupials,opossum
marsupials,possum
marsupials,quokka
marsupials,sugar glider
marsupials,tasmanian devil
marsupials,tasmanian tiger
marsupials,wallaby
marsupials,wallaroo
marsupials,wombat
mythological,godzilla
mythological,griffin
mythological,jackalope
mythological,mockingjay
mythological,snow lion
mythological,sphynx
mythological,unicorn
northAmerica,alaskan wolf
northAmerica,american bison
northAmerica,american toad
northAmerica,american woodcock
northAmerica,armadillo
northAmerica,axolotl
northAmerica,bald eagle
northAmerica,bighorn sheep
northAmerica,bison
northAmerica,black bear
northAmerica,black hawk
northAmerica,black squirrel
northAmerica,black tailed deer
northAmerica,blue jay
northAmerica,bluebird
northAmerica,bobcat
northAmerica,box turtle
northAmerica,brown bear
northAmerica,brown recluse
northAmerica,california condor
northAmerica,canada goose
northAmerica,cardinal
northAmerica,chipmunk
northAmerica,coopers hawk
northAmerica,corn snake
northAmerica,cottonmouth snake
northAmerica,cougar
northAmerica,coyote
northAmerica,coywolf
northAmerica,diamondback rattlesnake
northAmerica,eastern newt
northAmerica,elk
northAmerica,fisher
northAmerica,garter snake
northAmerica,gila monster
northAmerica,gopher
northAmerica,grackle
northAmerica,gray treefrog
northAmerica,great horned owl
northAmerica,greater yellowlegs
northAmerica,green treefrog
northAmerica,grizzly bear
northAmerica,groundhog
northAmerica,hornyhead chub
northAmerica,jaguar
northAmerica,killdeer
northAmerica,kinkajou
northAmerica,kodiak bear
northAmerica,lesser yellowlegs
northAmerica,long tailed salamander
northAmerica,mexican wolf
northAmerica,milk snake
northAmerica,moose
northAmerica,mountain goat
northAmerica,mountain lion
northAmerica,muskellunge
northAmerica,northern cricket frog
northAmerica,ocelot
northAmerica,opossum
northAmerica,painted turtle
northAmerica,possum
northAmerica,prairie dog
northAmerica,pronghorn
northAmerica,puma
northAmerica,raccoon
northAmerica,red tailed hawk
northAmerica,red wolf
northAmerica,roadrunner
northAmerica,sidewinder snake
northAmerica,sloth
northAmerica,snow goose
northAmerica,snowshoe hare
northAmerica,song sparrow
northAmerica,spider monkey
northAmerica,swamp sparrow
northAmerica,tapir
northAmerica,toucan
northAmerica,tufted titmouse
northAmerica,walleye
pets,akita
pets,basset hound
pets,beagle
pets,bengal cat
pets,berger picard
pets,betta fish
pets,bird
pets,black lab
pets,bloodhound
pets,border collie
pets,box turtle
pets,boxer
pets,budgie
pets,bulldog
pets,bunny
pets,calico cat
pets,canary
pets,cat
pets,chihuahua
pets,chinchilla
pets,chocolate labrador
pets,cockapoo
pets,cockatiel
pets,cockatoo
pets,cocker spaniel
pets,common degu
pets,corgi
pets,dachshund
pets,dalmatian
pets,devon rex
pets,doberman
pets,dog
pets,eastern newt
pets,english bulldog
pets,ferret
pets,fish
pets,french bulldog
pets,gerbil
pets,german shepherd
pets,golden retriever
pets,goldendoodle
pets,goldfish
pets,great dane
pets,greyhound
pets,guinea pig
pets,guppy
pets,hamster
pets,hanover hound
pets,harrier
pets,havanese dog
pets,husky
pets,iguana
pets,jack russell terrier
pets,kitten
pets,labrador
pets,labrador retriever
pets,maine coon
pets,malamute
pets,maltese dog
pets,munchkin cat
pets,mutt
pets,newfoundland
pets,newt
pets,painted turtle
pets,parakeet
pets,parrot
pets,pembroke welsh corgi
pets,pit bull
pets,pomeranian
pets,poodle
pets,pug
pets,puggle
pets,puppy
pets,rabbit
pets,rottweiler
pets,saint bernard
pets,salamander
pets,savannah cat
pets,schnauzer
pets,sheep dog
pets,shiba inu
pets,shih tzu
pets,short haired cat
pets,siamese cat
pets,siberian cat
pets,siberian husky
pets,snake
pets,tabby cat
pets,toy poodle
pets,turtle
pets,wiener dog
pets,wolfhound
pigs,boar
pigs,hog
pigs,miniature pig
pigs,pig
pigs,piglet
pigs,potbellied pig
pigs,sow
pigs,warthog
pigs,wild boar
primates,ape
primates,aye aye
primates,baboon
primates,bonobo
primates,bush baby
primates,capuchin monkey
primates,child
primates,chimpanzee
primates,gibbon
primates,gorilla
primates,howler monkey
primates,human
primates,lemur
primates,loris
primates,macaque
primates,marmoset
primates,monkey
primates,orangutan
primates,person
primates,primate
primates,pygmy marmoset
primates,ring tailed lemur
primates,saki monkey
primates,sifaka
primates,silverback
primates,snow monkey
primates,spider monkey
primates,tarsier
primates,titi monkey
primates,troglodyte
reptilesAmphibians,adder
reptilesAmphibians,alligator
reptilesAmphibians,allosaurus
reptilesAmphibians,american toad
reptilesAmphibians,amphibian
reptilesAmphibians,anaconda
reptilesAmphibians,anole
reptilesAmphibians,asp
reptilesAmphibians,axolotl
reptilesAmphibians,ball python
reptilesAmphibians,bearded dragon
reptilesAmphibians,black mamba
reptilesAmphibians,black snake
reptilesAmphibians,blue tongued skink
reptilesAmphibians,boa constrictor
reptilesAmphibians,box turtle
reptilesAmphibians,brachiosaurus
reptilesAmphibians,bullfrog
reptilesAmphibians,caiman
reptilesAmphibians,chameleon
reptilesAmphibians,chinese crocodile lizard
reptilesAmphibians,chinese water dragon
reptilesAmphibians,cobra
reptilesAmphibians,copperhead snake
reptilesAmphibians,coral snake
reptilesAmphibians,corn snake
reptilesAmphibians,cottonmouth snake
reptilesAmphibians,crocodile
reptilesAmphibians,diamondback
reptilesAmphibians,diamondback rattlesnake
reptilesAmphibians,dinosaur
reptilesAmphibians,dragon
reptilesAmphibians,eastern newt
reptilesAmphibians,fierce snake
reptilesAmphibians,frog
reptilesAmphibians,garden snake
reptilesAmphibians,garter snake
reptilesAmphibians,gecko
reptilesAmphibians,gila monster
reptilesAmphibians,godzilla
reptilesAmphibians,gopher tortoise
reptilesAmphibians,grass snake
reptilesAmphibians,gray treefrog
reptilesAmphibians,green tree python
reptilesAmphibians,green treefrog
reptilesAmphibians,hellbender
reptilesAmphibians,horned lizard
reptilesAmphibians,iguana
reptilesAmphibians,king cobra
reptilesAmphibians,komodo dragon
reptilesAmphibians,lizard
reptilesAmphibians,long tailed lizard
reptilesAmphibians,long tailed salamander
reptilesAmphibians,milk snake
reptilesAmphibians,moccasin
reptilesAmphibians,monitor
reptilesAmphibians,monitor lizard
reptilesAmphibians,moonglow boa
reptilesAmphibians,newt
reptilesAmphibians,northern cricket frog
reptilesAmphibians,painted turtle
reptilesAmphibians,pink tongued skink
reptilesAmphibians,poison dart frog
reptilesAmphibians,pterodactyl
reptilesAmphibians,python
reptilesAmphibians,raptor
reptilesAmphibians,rattlesnake
reptilesAmphibians,reptile
reptilesAmphibians,salamander
reptilesAmphibians,sea snake
reptilesAmphibians,sea turtle
reptilesAmphibians,serpent
reptilesAmphibians,sidewinder snake
reptilesAmphibians,skink
reptilesAmphibians,snake
reptilesAmphibians,snapping turtle
reptilesAmphibians,stegosaurus
reptilesAmphibians,tadpole
reptilesAmphibians,terrapin
reptilesAmphibians,toad
reptilesAmphibians,tortoise
reptilesAmphibians,tree frog
reptilesAmphibians,triceratops
reptilesAmphibians,turtle
reptilesAmphibians,tyrannosaurus rex
reptilesAmphibians,velociraptor
reptilesAmphibians,viper
reptilesAmphibians,water moccasin
reptilesAmphibians,water monitor
reptilesAmphibians,water snake
rodentsRabbits,agouti
rodentsRabbits,beaver
rodentsRabbits,black squirrel
rodentsRabbits,bunny
rodentsRabbits,capybara
rodentsRabbits,cavy
rodentsRabbits,chinchilla
rodentsRabbits,chipmunk
rodentsRabbits,common degu
rodentsRabbits,coney
rodentsRabbits,dormouse
rodentsRabbits,flying squirrel
rodentsRabbits,gerbil
rodentsRabbits,golden marmot
rodentsRabbits,gopher
rodentsRabbits,groundhog
rodentsRabbits,guinea pig
rodentsRabbits,hamster
rodentsRabbits,hare
rodentsRabbits,jackrabbit
rodentsRabbits,lemming
rodentsRabbits,marmot
rodentsRabbits,mouse
rodentsRabbits,muskrat
rodentsRabbits,naked mole rat
rodentsRabbits,nutria
rodentsRabbits,pika
rodentsRabbits,porcupine
rodentsRabbits,prairie dog
rodentsRabbits,rabbit
rodentsRabbits,rat
rodentsRabbits,rodent
rodentsRabbits,snowshoe hare
rodentsRabbits,squirrel
rodentsRabbits,vole
rodentsRabbits,woodchuck
southAmerica,agouti
southAmerica,alpaca
southAmerica,anaconda
southAmerica,anteater
southAmerica,armadillo
southAmerica,capuchin monkey
southAmerica,capybara
southAmerica,cavy
southAmerica,chinchilla
southAmerica,common degu
southAmerica,corydoras
southAmerica,cougar
southAmerica,electric eel
southAmerica,grackle
southAmerica,great horned owl
southAmerica,greater yellowlegs
southAmerica,guinea pig
southAmerica,howler monkey
southAmerica,jaguar
southAmerica,killdeer
southAmerica,kinkajou
southAmerica,lesser yellowlegs
southAmerica,llama
southAmerica,maned wolf
southAmerica,marmoset
southAmerica,mountain lion
southAmerica,nutria
southAmerica,ocelot
southAmerica,opossum
southAmerica,piranha
southAmerica,pleco
southAmerica,poison dart frog
southAmerica,possum
southAmerica,puma
southAmerica,pygmy marmoset
southAmerica,rhea
southAmerica,saki monkey
southAmerica,sloth
southAmerica,spider monkey
southAmerica,tapir
southAmerica,three toed sloth
southAmerica,titi monkey
southAmerica,toucan
southAmerica,vicuna
water,african penguin
water,albatross
water,alligator
water,amberjack
water,american toad
water,amphioxus
water,anchovy
water,anemone
water,angelfish
water,anglerfish
water,arrowhead shark
water,auk
water,axolotl
water,barracuda
water,basking shark
water,bass
water,beaver
water,beluga whale
water,betta fish
water,bigfin squid
water,blackfish
water,blacktip reef shark
water,blacktip shark
water,blobfish
water,blowfish
water,blue footed booby
water,blue ringed octopus
water,blue whale
water,bluefin tuna
water,bluefish
water,bluegill
water,booby
water,boto
water,bottlenose dolphin
water,box jellyfish
water,brine shrimp
water,bull shark
water,canada goose
water,carp
water,catfish
water,chinese crocodile lizard
water,chinese water dragon
water,clam
water,clownfish
water,cod
water,colossal squid
water,conch
water,coral
water,corydoras
water,cottonmouth snake
water,cowry
water,crab
water,crappie
water,crawdad
water,crawfish
water,crayfish
water,croaker
water,crocodile
water,crustacean
water,cuttlefish
water,deep sea fish
water,dogfish
water,dolphin
water,drake
water,duck
water,duckling
water,eastern newt
water,eel
water,egret
water,electric eel
water,elephant seal
water,emperor penguin
water,fairy tern
water,fish
water,flounder
water,flying fish
water,freshwater fish
water,frog
water,gar
water,giant squid
water,goldfish
water,goose
water,gray treefrog
water,great blue heron
water,great white shark
water,greater yellowlegs
water,grebe
water,green treefrog
water,greenland shark
water,grenadier
water,grouper
water,grunt
water,gull
water,guppy
water,hammerhead shark
water,hellbender
water,hermit crab
water,heron
water,herring
water,hippo
water,hippopotamus
water,hornyhead chub
water,horseshoe crab
water,humpback whale
water,jack
water,jellyfish
water,killer whale
water,koi
water,krill
water,lamprey
water,lane snapper
water,leech
water,lesser yellowlegs
water,limpet
water,lionfish
water,lobster
water,long tailed salamander
water,mackerel
water,mako shark
water,mallard
water,manatee
water,manta ray
water,mantis shrimp
water,marlin
water,megalodon
water,milk shark
water,minnow
water,muskellunge
water,muskrat
water,mussel
water,narwhal
water,nautilus
water,newt
water,northern cricket frog
water,nutria
water,octopus
water,orca
water,osprey
water,otter
water,oyster
water,painted turtle
water,parrotfish
water,pelican
water,penguin
water,penis worm
water,perch
water,pike
water,pink salmon
water,piranha
water,plankton
water,platypus
water,pleco
water,pollock
water,porpoise
water,prawn
water,pufferfish
water,puffin
water,rainbow trout
water,rainbowfish
water,ray
water,red snapper
water,remora fish
water,salamander
water,salmon
water,saltwater fish
water,sand dollar
water,sand tiger shark
water,sandpiper
water,sardine
water,sawfish
water,scallop
water,sea anemone
water,sea bass
water,sea cucumber
water,sea lion
water,sea monkey
water,sea otter
water,sea slug
water,sea snail
water,sea snake
water,sea star
water,sea turtle
water,sea urchin
water,seagull
water,seahorse
water,seal
water,shark
water,shellfish
water,shrimp
water,smelt
water,snapper
water,snapping turtle
water,solitary sandpiper
water,sperm whale
water,sponge
water,spoonbill
water,squid
water,starfish
water,stickleback
water,stingray
water,sturgeon
water,suckerfish
water,sunfish
water,swamp sparrow
water,swan
water,swordfish
water,tadpole
water,tardigrade
water,tarpon
water,tern
water,terrapin
water,tetra
water,tiger shark
water,tigerfish
water,tilapia
water,toad
water,trout
water,tuna
water,turtle
water,urchin
water,vampire squid
water,walleye
water,walrus
water,water buffalo
water,water bug
water,water moccasin
water,water monitor
water,water snake
water,whale
water,whale shark
water,white whale
water,wilsons snipe
water,yellowfin tuna
water,yellowtail
water,yellowtail snapper
weaselsMongoose,badger
weaselsMongoose,ermine
weaselsMongoose,ferret
weaselsMongoose,fisher
weaselsMongoose,honey badger
weaselsMongoose,kinkajou
weaselsMongoose,marten
weaselsMongoose,meerkat
weaselsMongoose,mink
weaselsMongoose,mongoose
weaselsMongoose,otter
weaselsMongoose,polecat
weaselsMongoose,raccoon
weaselsMongoose,red panda
weaselsMongoose,sable
weaselsMongoose,sea otter
weaselsMongoose,skunk
weaselsMongoose,stoat
weaselsMongoose,weasel
weaselsMongoose,wolverine