SID,entry
2,alpaca
2,bear
2,bruin
2,antelope
2,anteater
2,ant
2,cow
2,cat
2,dog
2,chicken
2,rooster
2,ox
2,zebra
2,tiger
2,lion
2,quail
2,peacock
2,monkey
2,ape
2,chimpanzee
2,kangaroo
2,koala
4,cow
4,pig
4,chicken
4,giraffe
4,elephant
4,panda
4,turtle
4,fish
4,snake
4,cat
4,dog
4,horse
4,lion
4,shrimp
4,starfish
4,spider
4,alligator
4,bird
5,monkey
5,giraffe
5,elephant
5,tiger
5,cheetah
5,lion
5,kangaroo
5,opossum
5,raccoon
5,quokka
5,cat
5,dog
5,bird
5,parrot
5,turtle
5,fish
5,whale
5,starfish
5,honey badger
5,wombat
6,goose
6,duck
6,chicken
6,snake
6,lizard
6,alligator
6,turtle
6,frog
6,newt
6,skunk
6,stegosaurus
6,velociraptor
6,tyrannosaurus rex
6,triceratops
6,crow
6,raven
6,pigeon
6,pheasant
6,deer
6,bear
6,horse
6,monkey
6,gorilla
6,caiman
6,salamander
6,boa constrictor
7,ant
7,alligator
7,possum
7,elephant
7,giraffe
7,tiger
7,lion
7,bear
7,dog
7,cat
7,rat
7,raccoon
7,deer
7,stinkbug
7,scorpion
7,spider
7,wolf
7,fox
7,muskrat
7,mouse
7,hamster
7,squirrel
7,guinea pig
7,gerbil
7,anteater
7,snake
11,cat
11,dog
11,red panda
11,lemur
11,fennec fox
11,tiger
11,lion
11,elephant
11,flamingo
11,sandpiper
11,fairy tern
11,monkey
11,chimpanzee
11,orangutan
11,havanese dog
11,dog
11,snake
11,garter snake
11,deer
11,fox
11,porcupine
11,hedgehog
11,ant
11,butterfly
11,dragonfly
11,rabbit
11,chicken
12,anaconda
12,bear
12,cat
12,dog
12,frog
12,goat
12,iguana
12,jaguar
12,kangaroo
12,llama
12,orca
12,penguin
12,rabbit
12,spider
12,tiger
12,whale
12,zebra
12,alpaca
12,baboon
12,komodo dragon
15,cat
15,dog
15,parrot
15,lizard
15,fish
15,turtle
15,snake
15,tiger
15,lion
15,giraffe
15,cheetah
15,mouse
15,deer
15,wolf
15,rabbit
15,cow
15,pig
15,horse
15,whale
15,panda
15,raccoon
15,bear
15,rat
16,zebra
16,lion
16,tiger
16,bear
16,shrimp
16,cod
16,cat
16,dog
16,parrot
16,fish
16,hamster
16,guinea pig
16,horse
16,monkey
16,gorilla
16,bird
16,eagle
16,shark
16,whale
16,frog
16,salamander
16,spider
17,dog
17,cat
17,fish
17,snake
17,frog
17,bird
17,monkey
17,giraffe
17,elephant
17,zebra
17,horse
17,rhino
17,peacock
17,ostrich
17,flamingo
17,lion
17,cheetah
17,panther
17,bobcat
18,dog
18,cat
18,fish
18,snake
18,frog
18,bird
18,monkey
18,giraffe
18,elephant
18,zebra
18,horse
18,rhino
18,peacock
18,ostrich
18,flamingo
18,lion
18,cheetah
18,panther
18,bobcat
19,horse
19,moose
19,cow
19,cat
19,dog
19,frog
19,flamingo
19,hippo
19,penguin
19,jaguar
19,bobcat
19,octopus
19,squid
19,fish
19,shark
19,dolphin
19,jellyfish
19,giraffe
19,elephant
19,zebra
19,deer
19,squirrel
19,groundhog
19,butterfly
19,caterpillar
19,beetle
19,stinkbug
19,rabbit
19,iguana
19,lizard
19,turtle
20,dog
20,bird
20,cat
20,fish
20,elephant
20,giraffe
20,mastodon
20,dinosaur
20,snake
20,lizard
20,tarantula
20,weasel
20,ferret
20,rat
20,squirrel
20,whale
20,shark
21,snake
21,bird
21,lion
21,cat
21,elephant
21,coyote
21,fish
21,whale
21,seal
21,salmon
21,deer
21,cow
21,pig
21,chicken
21,goat
21,sheep
21,human
21,monkey
21,gorilla
21,rhino
21,panda
21,bear
21,spider
21,ant
22,dog
22,cat
22,snake
22,sloth
22,lion
22,frog
22,octopus
22,butterfly
22,gorilla
22,zebra
22,ostrich
22,whale
22,dolphin
22,fish
22,flamingo
22,polar bear
22,bear
22,hamster
22,chinchilla
23,tiger
23,lion
23,bear
23,ostrich
23,dog
23,cat
23,bird
23,fish
23,alpaca
23,llama
23,cow
23,pig
23,chicken
23,elephant
23,antelope
23,jaguar
23,shark
23,whale
23,dolphin
23,monkey
23,baboon
23,gorilla
23,snake
23,salamander
24,cat
24,dog
24,bird
24,cheetah
24,lion
24,giraffe
24,zebra
24,hippo
24,panda
24,horse
24,pig
24,chicken
24,lamb
24,cow
24,bird
24,butterfly
24,scorpion
24,shark
24,whale
25,cat
25,dog
25,lizard
25,turtle
25,mouse
25,deer
25,zebra
25,lion
25,tiger
25,panther
25,crocodile
25,frog
25,bird
25,crab
25,fish
25,octopus
25,dolphin
25,whale
25,fox
25,monkey
26,koala
26,tiger
26,bear
26,dog
26,cat
26,shark
26,fish
26,hamster
26,red panda
26,giant panda
26,giraffe
26,elephant
26,lion
26,leopard
26,rabbit
26,horse
26,bat
26,anteater
26,deer
26,sheep
26,cow
26,pig
26,praying mantis
26,butterfly
26,moth
28,fly
28,deer
28,polar bear
28,brown bear
28,black bear
28,jellyfish
28,giant squid
28,blue whale
28,mako shark
28,great white shark
28,barracuda
28,elk
28,moose
28,panther
28,lion
28,cheetah
28,gorilla
28,rhino
28,sealion
28,seal
28,viper
28,sea snake
28,penguin
28,praying mantis
28,tarantula
28,black widow
29,snake
29,lion
29,elephant
29,zebra
29,giraffe
29,bear
29,squirrel
29,frog
29,dog
29,cat
29,bird
29,reptile
29,lizard
29,seal
29,sealion
29,fish
29,tiger
29,moose
29,kangaroo
29,emu
29,platypus
30,cat
30,dog
30,horse
30,tiger
30,chipmunk
30,squirrel
30,fish
30,guinea pig
30,hamster
30,zebra
30,giraffe
30,elephant
30,lion
30,cheetah
30,leopard
30,snow leopard
30,panther
30,wolf
30,bear
30,polar bear
30,bird
30,pigeon
30,alligator
30,crocodile
30,crane
30,lizard
30,snake
31,ant
31,anteater
31,fox
31,red panda
31,aye aye
31,sloth
31,quail
31,cardinal
31,turtle
31,tortoise
31,elephant
31,hedgehog
31,penis worm
31,human
31,tiger
31,lion
31,bee
31,shark
31,sponge
31,cow
32,dog
32,cat
32,fish
32,manatee
32,gorilla
32,orangutan
32,flamingo
32,deer
32,fox
32,bear
32,lion
32,zebra
32,giraffe
32,elephant
33,horse
33,pig
33,fish
33,duck
33,goose
33,bird
33,giraffe
33,elephant
33,whale
33,shark
33,lion
33,tiger
33,bear
33,mosquito
33,cicada
33,ladybug
33,grasshopper
33,spider
33,ant
33,cat
33,snake
33,iguana
33,ostrich
35,dog
35,cat
35,lion
35,tiger
35,bear
35,cow
35,chicken
35,pig
35,sheep
35,alligator
35,bird
35,parrot
35,guinea pig
35,hamster
35,horse
35,donkey
35,mule
35,giraffe
35,hyena
35,zebra
35,polar bear
35,black bear
35,koala
37,seal
37,buffalo
37,bug
37,beetle
37,dog
37,cat
37,mouse
37,horse
37,zebra
37,lion
37,kangaroo
37,zebra
37,crab
37,squirrel
37,owl
37,sheep
37,bobcat
37,spider
37,butterfly
37,fish
37,shark
37,dolphin
37,crab
38,anteater
38,aardvark
38,elk
38,deer
38,bear
38,moose
38,cat
38,dog
38,horse
38,goat
38,sheep
38,wolf
38,polar bear
38,panda
38,red panda
38,squirrel
38,chipmunk
38,owl
38,bird
38,pigeon
38,bug
38,butterfly
38,cockroach
38,beetle
38,grasshopper
39,ostrich
39,dog
39,cat
39,dolphin
39,shark
39,whale
39,bat
39,moose
39,bear
39,groundhog
39,hedgehog
39,raccoon
39,possum
39,anteater
39,antelope
39,squid
39,octopus
40,bear
40,bat
40,zebra
40,antelope
40,anteater
40,dolphin
40,whale
40,fish
40,deer
40,lion
40,tiger
40,cheetah
40,leopard
40,panther
40,monkey
40,gorilla
40,orangutan
40,dog
40,cat
40,otter
40,weasel
40,ferret
40,hamster
40,chinchilla
40,hedgehog
40,moose
40,salamander
40,snake
40,lizard
40,crab
40,lobster
41,lamb
41,cat
41,cow
41,dog
41,bird
41,deer
41,squirrel
41,snake
41,kangaroo
41,moose
41,shark
41,bird
41,giraffe
41,elephant
41,zebra
41,gorilla
41,elk
41,black bear
41,tiger
41,sloth
42,dog
42,cat
42,lizard
42,tiger
42,giraffe
42,elephant
42,ostrich
42,peacock
42,goat
42,whale
42,goldfish
42,crocodile
42,alligator
42,koala
42,panda
42,black bear
42,brown bear
42,gopher
42,cat
42,raccoon
42,squirrel
42,hamster
42,tarantula
42,grasshopper
42,centipede
42,caterpillar
42,butterfly
42,tick
42,rat
42,mouse
42,bird
42,elephant
42,zebra
42,eagle
43,bat
43,dog
43,cat
43,alpaca
43,zebra
43,giraffe
43,elephant
43,crocodile
43,whale
43,salmon
43,leopard
43,tiger
43,bird
43,lizard
43,armadillo
43,koala
43,kangaroo
43,shark
43,jellyfish
43,plankton
43,eagle
43,hawk
43,owl
43,parrot
43,frog
43,toad
43,worm
44,salmon
44,rabbit
44,dog
44,cat
44,polar bear
44,red panda
44,raccoon
44,bee
44,butterfly
44,snail
44,cicada
44,beaver
44,bird
44,raven
44,magpie
44,vulture
44,chickadee
44,swallow
44,sparrow
44,bluebird
44,blue jay
44,mockingbird
44,dog
44,ferret
44,hamster
44,squirrel
45,cat
45,dog
45,dolphin
45,elephant
45,tiger
45,lion
45,monkey
45,gorilla
45,bee
45,bird
45,squirrel
45,mole
45,snake
45,spider
45,lizard
45,hamster
45,gerbil
45,guinea pig
50,zebra
50,flounder
50,penguin
50,giraffe
50,rhino
50,dog
50,cat
50,lion
50,tiger
50,panther
50,owl
50,betta fish
50,otter
50,whale
50,manatee
50,sealion
50,stingray
50,deer
50,cow
50,pig
52,cat
52,dog
52,horse
52,tiger
52,dolphin
52,turtle
52,whale
52,zebra
52,chicken
52,cow
52,fish
52,giraffe
52,rhino
52,elephant
52,lion
52,meerkat
52,groundhog
52,squirrel
52,bird
52,chipmunk
52,goat
52,sheep
52,eel
52,hamster
52,rat
52,mouse
53,cat
53,dog
53,horse
53,elephant
53,donkey
53,goat
53,chicken
53,turkey
53,caterpillar
53,bumblebee
53,hornet
53,wasp
53,cow
53,alpaca
53,pallass cat
53,lion
53,puma
53,jaguar
53,mountain lion
53,bobcat
53,flamingo
54,snake
54,seahorse
54,fish
54,whale
54,shark
54,dog
54,cat
54,lizard
54,gecko
54,zebra
54,lion
54,tiger
54,bear
54,monkey
54,lemur
54,koala
54,alligator
54,crocodile
54,hyena
54,bunny
54,fox
54,coyote
54,wolf
54,deer
54,buck
54,mouse
54,squirrel
54,meerkat
54,muskrat
54,gerbil
54,hamster
55,crab
55,lobster
55,shrimp
55,krill
55,fish
55,shark
55,whale
55,snail
55,albatross
55,cardinal
55,cat
55,cow
55,pig
55,seagull
55,elephant
55,rhino
55,hippo
55,tiger
55,lion
55,bear
55,human
55,zebra
55,antelope
55,aardvark
55,boar
55,finch
55,gorilla
55,monkey
55,iguana
55,lizard
55,salamander
55,worm
55,fly
55,ant
55,bee
55,wasp
55,hornet
56,shrimp
56,ostrich
56,tiger
56,crab
56,dolphin
56,whale
56,seal
56,horse
56,cow
56,pig
56,elephant
56,tiger
56,lion
56,zebra
56,giraffe
56,leopard
56,gazelle
56,cardinal
56,woodpecker
57,dog
57,cat
57,fish
57,giraffe
57,gorilla
57,lion
57,tiger
57,cheetah
57,bobcat
57,bear
57,otter
57,fox
57,meerkat
57,turtle
57,snake
57,monkey
60,giraffe
60,flamingo
60,snake
60,alligator
60,crocodile
60,ostrich
60,cat
60,dog
60,butterfly
60,spider
60,hippo
60,rhino
60,bluebird
60,squirrel
60,komodo dragon
60,gecko
60,fish
60,shark
60,dolphin
60,worm
60,rabbit
60,deer
60,antelope
61,bird
61,parrot
61,monkey
61,zebra
61,dog
61,cat
61,giraffe
61,gorilla
61,chinchilla
61,ferret
61,coyote
62,tiger
62,lion
62,parrot
62,gorilla
62,zebra
62,giraffe
62,hippo
62,chimpanzee
62,flamingo
62,walrus
62,elephant
62,dog
62,cat
62,guinea pig
62,pig
62,panda
62,koala
62,kangaroo
63,frog
63,bear
63,moose
63,deer
63,squirrel
63,lion
63,tiger
63,raccoon
63,skunk
63,possum
63,sloth
63,moose
63,stag
63,red deer
63,alligator
63,crocodile
63,elephant
63,giraffe
63,hippo
63,ostrich
63,pelican
63,robin
63,cardinal
63,dog
63,wolf
63,coyote
64,zebra
64,giraffe
64,donkey
64,cat
64,dog
64,fish
64,deer
64,pig
64,cow
64,goat
64,chicken
64,shark
64,seahorse
64,crab
64,kangaroo
64,lion
64,tiger
64,bear
64,flamingo
64,elephant
64,monkey
64,gorilla
64,rhino
65,dog
65,cat
65,bird
65,mouse
65,moose
65,deer
65,bear
65,badger
65,alligator
65,crocodile
65,giraffe
65,elephant
65,rhino
65,lion
65,tiger
65,bear
65,dolphin
65,whale
65,shark
65,jellyfish
65,octopus
65,squid
65,aardvark
65,otter
65,hippo
65,sloth
65,manatee
65,bobcat
66,dog
66,cat
66,mouse
66,rat
66,frog
66,snake
66,tadpole
66,lizard
66,gecko
66,elephant
66,zebra
66,giraffe
66,monkey
66,gorilla
66,crocodile
66,whale
66,shark
66,dolphin
66,anteater
66,ant
66,centipede
66,manatee
66,bird
67,dog
67,cat
67,squirrel
67,lion
67,bear
67,otter
67,horse
67,cow
67,pig
67,insect
67,octopus
67,fish
67,human
67,sheep
67,monkey
67,ape
67,bird
68,turtle
68,penguin
68,hamster
68,spider
68,dog
68,cat
68,bird
68,frog
68,ant
68,worm
68,butterfly
68,ladybug
68,cheetah
68,lion
68,tiger
68,bear
68,killer whale
68,dolphin
68,fish
68,piranha
68,eel
68,barracuda
69,zebra
69,pig
69,duck
69,bat
69,owl
69,cat
69,dog
69,bug
69,hedgehog
69,snake
69,turtle
69,lizard
69,horse
69,cow
69,flamingo
69,elephant
69,tiger
69,leopard
70,cat
70,dog
70,mouse
70,rat
70,giraffe
70,lion
70,tiger
70,monkey
70,penguin
70,stork
70,dolphin
70,kangaroo
70,ferret
70,hamster
70,raccoon
70,squirrel
70,bird
70,peacock
71,antelope
71,shark
71,whale
71,bunny
71,rabbit
71,dog
71,cat
71,bird
71,turtle
71,hippo
71,beaver
71,squirrel
71,chipmunk
71,lion
71,tiger
71,ostrich
71,leopard
71,fox
71,swan
71,goose
71,duck
71,porcupine
71,skunk
71,sugar glider
72,cat
72,dog
72,elephant
72,giraffe
72,lizard
72,chameleon
72,crocodile
72,centipede
72,sheep
72,goat
72,chicken
72,duck
72,penguin
72,polar bear
72,bird
72,tiger
72,horse
72,gerbil
73,dog
73,cat
73,crocodile
73,alligator
73,zebra
73,giraffe
73,kangaroo
73,gorilla
73,bird
73,parrot
73,lion
73,buffalo
73,fish
73,ferret
73,hamster
73,mouse
73,rat
73,snake
73,jaguar
73,shark
73,whale
74,aardvark
74,antelope
74,bear
74,bunny
74,cat
74,cheetah
74,dog
74,dolphin
74,dinosaur
74,elephant
74,frog
74,giraffe
74,horse
74,iguana
74,lion
74,leopard
74,lemur
74,monkey
74,narwhal
74,octopus
74,kangaroo
74,hippo
74,zebra
74,yak
74,tiger
74,rhino
76,lion
76,tiger
76,ant
76,boar
76,hippo
76,giraffe
76,cheetah
76,cat
76,dog
76,rat
76,chicken
76,bird
76,toucan
76,horse
76,pony
76,fish
76,toad
76,clownfish
77,zebra
77,ox
77,cat
77,alligator
77,butterfly
77,hamster
77,ferret
77,snail
77,mouse
77,tarantula
77,snake
77,fly
77,horse
77,ostrich
77,giraffe
77,hippo
77,lion
77,tiger
77,liger
77,donkey
78,kangaroo
78,spider
78,snake
78,snail
78,dog
78,cat
78,frog
78,turtle
78,gerbil
78,hamster
78,guinea pig
78,bird
78,kangaroo
78,lizard
78,lion
78,tiger
78,leopard
79,dog
79,cat
79,horse
79,bat
79,bear
79,fish
79,fox
79,turtle
79,monkey
79,elephant
79,lion
79,zebra
79,octopus
79,ox
79,gazelle
79,giraffe
79,gibbon
79,orangutan
79,toucan
79,lemur
79,eagle
79,snake
79,tarantula
79,tiger
79,jaguar
80,horse
80,dog
80,cat
80,snake
80,tiger
80,hamster
80,gerbil
80,spider
80,mouse
80,lion
80,gorilla
80,giraffe
80,polar bear
80,panda
80,sloth
80,bee
80,butterfly
81,elephant
81,giraffe
81,zebra
81,antelope
81,alligator
81,crocodile
81,seal
81,shark
81,dolphin
81,caterpillar
81,zebra
81,whale
81,dolphin
81,fish
81,frog
81,dog
81,cat
81,snail
81,tadpole
81,ant
81,spider
81,snake
82,kangaroo
82,dog
82,cat
82,tiger
82,leopard
82,jaguar
82,flamingo
82,peacock
82,koala
82,bear
82,cicada
82,wasp
82,bee
82,fly
82,butterfly
82,elephant
82,giraffe
82,monkey
82,chimpanzee
83,dog
83,cat
83,alligator
83,giraffe
83,zebra
83,kangaroo
83,pig
83,dinosaur
83,hippo
83,lizard
83,bird
83,cicada
83,ant
83,mole
83,mosquito
84,dog
84,cat
84,horse
84,fish
84,frog
84,cow
84,pig
84,chicken
84,bunny
84,lizard
84,snake
84,elephant
84,guinea pig
84,llama
84,alpaca
84,tiger
84,zebra
84,monkey
84,sloth
84,dinosaur
84,turtle
84,ferret
84,aardvark
84,tortoise
84,koala
84,kangaroo
85,snake
85,tiger
85,bear
85,dog
85,cat
85,whale
85,dolphin
85,lizard
85,guinea pig
85,bird
85,insect
85,cardinal
85,bald eagle
85,panda
85,tasmanian devil
85,jellyfish
85,sea turtle
85,box turtle
85,mountain lion
85,alligator
85,cow
85,goat
85,sheep
85,pig
85,lemur
86,anteater
86,armadillo
86,badger
86,baboon
86,giraffe
86,elephant
86,american toad
86,bullfrog
86,northern cricket frog
86,gray treefrog
86,eastern newt
86,long tailed salamander
86,dolphin
86,manatee
86,beluga whale
86,whale shark
86,great white shark
86,hammerhead shark
86,blowfish
86,clownfish
86,robin
86,blue jay
86,bald eagle
86,barn owl
86,white tailed deer
86,possum
86,opossum
86,macaw
86,pygmy marmoset
87,dog
87,cat
87,fish
87,hamster
87,rat
87,lizard
87,tiger
87,lion
87,zebra
87,bear
87,monkey
87,giraffe
87,elephant
87,turkey
87,anteater
87,ostrich
87,whale
87,rhino
87,anteater
87,ant
87,bee
87,wasp
87,caterpillar
87,butterfly
87,grasshopper
87,panda
87,crane
87,bunny
88,pig
88,cow
88,rabbit
88,tiger
88,horse
88,cat
88,dog
88,komodo dragon
88,lizard
88,iguana
88,scorpion
88,snake
88,bird
88,raven
88,crow
88,hawk
88,falcon
88,eagle
88,worm
88,bug
88,fox
88,coyote
88,wolf
88,squirrel
88,mole
88,groundhog
88,wolverine
89,fox
89,horse
89,bee
89,dog
89,cat
89,hamster
89,rabbit
89,snake
89,dolphin
89,hippo
89,giraffe
89,tiger
89,lion
89,cheetah
89,zebra
89,rat
89,mouse
89,bird
89,fish
89,shark
89,stingray
89,starfish
90,axolotl
90,anteater
90,lion
90,lemur
90,emu
90,ostrich
90,tiger
90,elephant
90,bee
90,tasmanian devil
90,gopher
90,groundhog
90,otter
90,bear
90,cockroach
90,snake
90,frog
90,salamander
90,turtle
90,cat
90,dog
90,mountain lion
90,goldfish
91,ant
91,baboon
91,cat
91,dog
91,fish
91,bird
91,snake
91,worm
91,butterfly
91,bear
91,flamingo
91,octopus
91,whale
91,starfish
91,chinchilla
91,hamster
91,guinea pig
91,tiger
91,lion
91,elephant
91,hippo
91,giraffe
91,turtle
92,dog
92,cat
92,african wild dog
92,goat
92,lion
92,bear
92,tiger
92,lion
92,elephant
92,giraffe
92,flamingo
92,bass
92,trout
92,butterfly
92,walleye
92,sturgeon
92,shark
92,hammerhead shark
92,whale
92,dolphin
92,seagull
92,catfish
92,ant
92,beetle
92,prairie dog
92,water buffalo
92,antelope
92,zebra
93,aardvark
93,anteater
93,elephant
93,tiger
93,lion
93,bear
93,cub
93,goat
93,cow
93,rooster
93,chicken
93,pig
93,giraffe
93,snake
93,sloth
93,bird
93,penguin
93,pelican
93,buffalo
93,bison
93,horse
93,moose
93,deer
93,squirrel
93,frog
93,salamander
93,whale
93,dolphin
93,turtle
93,fish
93,octopus
93,stingray
93,jellyfish
93,crab
93,starfish
94,aardvark
94,monkey
94,lion
94,tiger
94,giraffe
94,anteater
94,tick
94,whale
94,walrus
94,clam
94,sea anemone
94,clownfish
94,tiger
94,dog
94,cat
94,dolphin
94,hyena
94,wolf
94,eagle
94,falcon
94,crow
94,pigeon
94,bobcat
95,cat
95,dog
95,hamster
95,rat
95,tiger
95,lion
95,cheetah
95,leopard
95,bobcat
95,wolf
95,coyote
95,mouse
95,horse
95,deer
95,moose
95,mule
95,donkey
95,snake
95,lizard
95,turtle
95,possum
95,opossum
95,raccoon
96,rainbowfish
96,starling
96,dog
96,cat
96,aardvark
96,tiger
96,eel
96,corydoras
96,ocelot
96,rattlesnake
96,rat
96,sheep
96,chicken
96,rabbit
97,tiger
97,bear
97,lion
97,giraffe
97,gray treefrog
97,green tree frog
97,anole
97,long tailed lizard
97,cat
97,dog
97,puma
97,zebra
97,elephant
97,giraffe
97,buffalo
97,bison
97,deer
97,reindeer
97,polar bear
97,narwhal
97,flounder
97,shrimp
97,crab
97,cow
97,pig
97,sheep
97,goat
97,horse
97,chicken
97,seagull
97,croaker
97,dolphin
97,whale
98,dog
98,cat
98,iguana
98,fish
98,elephant
98,camel
98,ant
98,groundhog
98,eagle
98,bird
98,turtle
98,rabbit
98,bunny
98,horse
98,lizard
98,shark
98,octopus
98,cow
98,goat
98,sheep
98,chicken
98,pig
98,alligator
98,crocodile
99,cat
99,dog
99,fish
99,bird
99,monkey
99,lizard
99,elephant
99,giraffe
99,manatee
99,snake
99,rat
99,deer
99,rhino
100,cat
100,dog
100,lizard
100,bird
100,bug
100,otter
100,giraffe
100,elephant
100,seal
100,horse
100,zebra
100,lion
100,tiger
100,penguin
100,eagle
100,ox
100,cow
100,chicken
100,rooster
100,horse
101,ant
101,alligator
101,boar
101,cat
101,dog
101,elephant
101,fish
101,rat
101,cow
101,shark
101,zebra
101,monkey
101,orangutan
101,dolphin
101,whale
101,shark
101,bird
101,turtle
101,bat
104,dog
104,bird
104,cat
104,rabbit
104,human
104,elephant
104,flamingo
104,rhino
104,bobcat
104,tiger
104,wolf
104,seal
104,squirrel
104,dolphin
104,octopus
104,starfish
104,jellyfish
104,giraffe
104,zebra
104,vulture
104,monkey
104,chimpanzee
104,gorilla
104,sloth
105,pig
105,cat
105,dog
105,horse
105,alligator
105,snake
105,lion
105,hippo
105,elephant
105,tiger
105,giraffe
105,antelope
105,deer
105,moose
105,iguana
105,bird
105,fish
105,whale
105,dolphin
105,ant
105,spider
105,bat
105,possum
105,mouse
105,rat
106,dog
106,cat
106,hamster
106,horse
106,cow
106,chicken
106,rooster
106,bird
106,fish
106,deer
106,possum
106,squirrel
106,frog
106,butterfly
106,bee
106,fly
106,mouse
106,rat
106,chipmunk
801,bird
801,cat
801,dog
801,horse
801,duck
801,butterfly
801,squirrel
801,monkey
801,ant
801,anteater
801,beetle
801,pig
801,cow
801,chicken
801,hen
801,bull
801,frog
802,leopard
802,jaguar
802,ocelot
802,pigeon
802,dove
802,dog
802,cat
802,lizard
802,chicken
802,jungle fowl
802,pelican
802,seagull
802,fish
803,dog
803,cat
803,gerbil
803,ferret
803,guinea pig
803,fish
803,salmon
803,bass
803,walleye
803,bluegill
803,mouse
803,rat
803,hamster
803,crocodile
803,alligator
803,caiman
803,bat
803,squirrel
803,chipmunk
803,rabbit
803,goldfish
804,dog
804,cat
804,bird
804,manta ray
804,stingray
804,tiger
804,lion
804,zebra
804,hippo
804,giraffe
804,whale
804,dolphin
804,kiwi
804,elephant
804,dodo
804,robin
804,sparrow
804,pigeon
804,mouse
804,dinosaur
804,fish
804,bluegill
804,shark
804,hammerhead shark
805,dog
805,cat
805,lizard
805,goat
805,lion
805,tiger
805,bear
805,fish
805,cheetah
805,ape
805,pig
805,cow
805,raccoon
805,owl
805,ram
805,koala
805,snake
806,kangaroo
806,octopus
806,dog
806,cat
806,bird
806,penguin
806,flamingo
806,emu
806,koala
806,polar bear
806,rat
806,grizzly bear
806,moose
806,clownfish
806,pufferfish
806,coyote
806,mountain lion
806,raccoon
806,possum
806,deer
806,snake
806,copperhead
807,ape
807,monkey
807,orangutan
807,salamander
807,lizard
807,dog
807,cat
807,hamster
807,ferret
807,sun bear
807,gerbil
807,sheep
807,fox
807,raccoon
807,opossum
807,goose
807,raven
807,horse
807,dog
807,cow
807,goat
807,polar bear
807,grizzly bear
807,gorilla
807,leopard
807,antelope
807,crocodile
808,dog
808,cat
808,pig
808,sheep
808,llama
808,maned wolf
808,wolf
808,coyote
808,whale
808,ostrich
808,giraffe
808,hippo
808,lion
808,tiger
808,bear
808,panda
808,fox
808,turtle
808,squid
808,alligator
808,fish
808,pufferfish
808,shark
808,whale shark
808,piranha
809,dog
809,cat
809,hamster
809,gerbil
809,snake
809,lizard
809,frog
809,tarantula
809,ant
809,elephant
809,giraffe
809,lion
809,tiger
809,blue whale
809,shark
809,fish
809,dolphin
809,stingray
809,anteater
809,bird
809,seagull
809,butterfly
810,dog
810,cat
810,horse
810,deer
810,alligator
810,mouse
810,lion
810,tiger
811,pigeon
811,sparrow
811,chicken
811,crow
811,dolphin
811,pig
811,cow
811,donkey
811,horse
811,monkey
811,orangutan
811,chimpanzee
811,lion
811,zebra
811,gazelle
812,cat
812,dog
812,snake
812,corn snake
812,boa constrictor
812,anaconda
812,human
812,manatee
812,sperm whale
812,blue whale
812,killer whale
812,frog
812,treefrog
812,toad
812,horned toad
812,salamander
812,crawdad
812,clownfish
812,guppy
812,goldfish
812,parrot
812,anaconda
812,coral
812,rabbit
812,deer
813,dog
813,gopher
813,cat
813,lion
813,tiger
813,platypus
813,walrus
813,dolphin
813,parrot
813,parakeet
813,spider
813,lion
813,fish
813,snake
813,stingray
813,praying mantis
813,butterfly
813,ant
813,fire ant
814,cat
814,dog
814,snake
814,lizard
814,ostrich
814,goldfish
814,koi fish
814,lion
814,tiger
814,bear
814,panda
814,polar bear
814,grizzly bear
814,jellyfish
814,sunfish
814,bluegill
814,kangaroo
814,flamingo
814,penguin
814,squirrel
814,chipmunk
814,bluebird
814,robin
815,dog
815,cat
815,squirrel
815,ferret
815,tiger
815,lion
815,zebra
815,giraffe
815,rhino
815,crocodile
815,hamster
815,rat
815,flamingo
815,deer
815,bull
815,bird
815,squirrel
815,raccoon
815,monkey
815,gorilla
815,gerbil
816,cat
816,dog
816,skunk
816,horse
816,cow
816,bird
816,toucan
816,parakeet
816,penguin
816,seal
816,polar bear
816,stork
816,albatross
816,whale
816,killer whale
816,narwhal
816,sealion
816,lion
816,tiger
816,gorilla
816,monkey
816,ape
816,pelican
816,flamingo
817,dog
817,cat
817,okapi
817,kangaroo
817,pigeon
817,koala
817,giraffe
817,aardvark
817,anteater
817,antelope
817,deer
817,mouse
817,bat
817,camel
817,shark
817,fish
817,ray
817,sawfish
817,coral
817,sponge
817,snail
817,bee
817,wasp
817,spider
817,cow
817,horse
818,dolphin
818,alligator
818,shark
818,scorpion
818,fish
818,lion
818,ram
818,goat
818,raven
818,weasel
818,beaver
818,snake
818,snow goose
818,ant
818,beetle
818,wasp
818,fly
818,dragonfly
818,firefly
818,whale
819,dog
819,pig
819,cow
819,horse
819,sheep
819,bird
819,shark
819,fish
819,bear
819,lion
819,tiger
819,canary
819,ant
819,ladybug
819,fish
819,cat
819,eagle
819,falcon
820,pig
820,horse
820,cow
820,bird
820,sheep
820,lamb
820,fish
820,dog
820,cat
820,monkey
820,bear
820,tiger
820,jaguar
820,leopard
820,lion
820,hippo
820,hyena
820,snake
820,bird
820,ostrich
820,shrimp
820,crab
820,lobster
820,horse
820,llama
820,alpaca
820,camel
820,cheetah
820,lion
820,ape
820,monkey
821,cow
821,pig
821,dog
821,horse
821,cat
821,sheep
821,rabbit
821,muskrat
821,catfish
821,goldfish
821,bull
821,goat
821,mouse
821,rat
821,ant
821,cricket
821,human
821,seagull
821,goose
821,swan
822,dog
822,cat
822,lion
822,turtle
822,fish
822,gerbil
822,giraffe
822,elephant
822,rhinoceros
822,hippopotamus
822,ostrich
822,bird
822,toucan
822,lion
822,bear
822,tiger
822,rat
822,whale
822,jellyfish
822,stingray
822,clownfish
822,swordfish
822,turtle
822,snake
823,dog
823,cat
823,hamster
823,bunny
823,lizard
823,snake
823,turtle
823,kangaroo
823,zebra
823,tiger
823,lion
823,gazelle
823,reindeer
823,doe
823,skunk
823,snail
823,butterfly
823,worm
823,blue jay
823,bird
823,swan
823,canary
823,cardinal
823,parakeet
824,dog
824,bear
824,cat
824,lion
824,cheetah
824,tiger
824,penguin
824,zebra
824,gorilla
824,alligator
824,crocodile
824,koala
824,lizard
824,iguana
824,fish
824,jellyfish
824,shark
824,whale
824,dog
825,dog
825,cat
825,mouse
825,rat
825,muskrat
825,frog
825,fish
825,giraffe
825,horse
825,elephant
825,zebra
825,leopard
825,cheetah
825,tiger
825,eagle
825,cockatoo
825,dog
825,cat
825,ferret
825,goldfish
825,bass
825,crappie
825,tapir
825,elephant
825,crocodile
826,snail
826,eagle
826,canary
826,crow
826,bird
826,dog
826,cat
826,mouse
826,lizard
826,frog
826,slug
826,crane
826,flamingo
826,egret
826,snake
826,hippopotamus
826,giraffe
826,lion
827,dog
827,cat
827,bird
827,elephant
827,giraffe
827,gorilla
827,monkey
827,ostrich
827,armadillo
827,pangolin
827,lion
827,puma
827,cheetah
827,octopus
827,tiger
827,eagle
827,hawk
827,horse
827,zebra
827,baboon
827,hyena
828,gorilla
828,monkey
828,salamander
828,horse
828,pig
828,cow
828,chicken
828,goat
828,donkey
828,bird
828,snake
828,rat
828,mouse
828,mole
828,dog
828,cat
828,hamster
828,guinea pig
828,spider
828,fly
828,bee
828,wasp
828,centipede
828,bat
829,dog
829,cat
829,rabbit
829,gerbil
829,mouse
829,chinchilla
829,iguana
829,bird
829,owl
829,fish
829,snake
829,lion
829,bear
829,peacock
829,mouse
830,cat
830,dog
830,fish
830,frog
830,duck
830,eagle
830,zebra
830,giraffe
830,alligator
830,shark
830,whale
830,ladybug
830,worm
830,fly
830,bee
830,snake
830,hawk
830,vulture
830,elephant
830,panda
830,panther
830,wolf
830,mountain lion
830,fox
830,antelope
830,deer
830,turtle
830,toad
830,owl
831,cat
831,dog
831,tiger
831,lion
831,pig
831,sheep
831,cow
831,bird
831,eagle
831,lion
831,cheetah
831,whale
831,dolphin
831,fish
831,seal
831,sealion
831,shark
831,badger
831,honey badger
831,grasshopper
831,penguin
831,giraffe
831,sealion
832,dog
832,cat
832,fish
832,pig
832,cow
832,horse
832,chicken
832,bear
832,lion
832,tiger
832,koala
832,giraffe
832,polar bear
832,bird
832,snake
832,iguana
832,lizard
833,dog
833,cat
833,mouse
833,tiger
833,penguin
833,giraffe
833,elephant
833,lion
833,horse
833,donkey
833,meerkat
833,cheetah
833,polar bear
834,dog
834,cat
834,cow
834,chicken
834,pig
834,lion
834,zebra
834,elephant
834,moose
834,deer
834,rat
834,tiger
834,fish
834,groundhog
834,possum
834,horse
835,dog
835,human
835,ape
835,insect
835,spider
835,elephant
835,tiger
835,moonglow boa
835,monkey
835,white tiger
835,bird
835,peacock
835,whale
835,fish
835,tuna
835,cod
835,giraffe
837,bonobo
837,orangutan
837,chimpanzee
837,monkey
837,whale
837,dolphin
837,tuna
837,goldfish
837,salmon
837,trout
837,tuna
837,gorilla
837,giraffe
837,rhino
837,cheetah
837,lion
837,leopard
837,panther
837,dog
837,cat
837,panther
837,pig
837,horse
837,elephant
838,panda
838,red panda
838,fox
838,wolf
838,lion
838,tiger
838,monkey
838,snake
838,horse
838,chicken
838,pig
838,mouse
838,cat
838,dog
838,rabbit
838,mountain lion
838,sheep
838,eagle
838,bluebird
838,blue jay
838,crow
839,lion
839,tiger
839,bear
839,zebra
839,cat
839,dog
839,polar bear
839,grizzly bear
839,black bear
839,brown bear
839,fish
839,shark
839,penguin
839,otter
839,seal
839,hippo
839,pig
839,horse
839,cow
839,llama
839,alpaca
839,camel
839,bird
840,dog
840,cat
840,snake
840,turtle
840,centipede
840,mouse
840,caribou
840,wolf
840,husky
840,frog
840,scorpion
840,grasshopper
840,cockroach
840,black bear
840,polar bear
840,grizzly bear
840,antelope
840,deer
840,tiger
840,lion
840,swordfish
840,gopher
840,porcupine
840,rat
840,mouse
840,viper
840,cottonmouth
841,giraffe
841,elephant
841,cat
841,dog
841,praying mantis
841,shrimp
841,whale
841,lion
841,tiger
841,hyena
841,dingo
841,crab
841,scorpion
841,bird
841,eagle
841,hawk
841,horse
841,cow
841,chicken
841,pig
841,goat
841,snake
841,cricket
841,frog
841,salamander
841,crocodile
841,alligator
841,armadillo
841,anteater
842,dog
842,cat
842,spider
842,ant
842,centipede
842,penguin
842,dinosaur
842,tiger
842,lion
842,horse
842,mouse
842,hamster
842,gerbil
842,guinea pig
842,pig
842,hog
842,boar
842,bat
842,whale
842,rhino
842,gopher
842,camel
843,lion
843,tiger
843,bear
843,cat
843,turtle
843,flamingo
843,shark
843,octopus
843,clam
843,lobster
843,dolphin
843,alligator
843,bird
843,pterodactyl
843,dinosaur
843,amphibian
843,crab
843,shrimp
843,elephant
844,dog
844,cat
844,penguin
844,pig
844,rhino
844,zebra
844,leopard
844,cheetah
844,tiger
844,deer
844,bear
844,moose
844,elephant
844,giraffe
844,hippo
844,hyena
844,snake
844,horse
844,sheep
844,cow
844,pig
844,chicken
844,eagle
844,crow
844,bird
844,hedgehog
844,groundhog
844,beaver
845,dog
845,cat
845,shark
845,mouse
845,lion
845,giraffe
845,chimpanzee
845,tiger
845,gorilla
845,horse
845,polar bear
845,lizard
845,fish
845,gazelle
846,dog
846,cat
846,canary
846,crow
846,eagle
846,cow
846,pig
846,jaguar
846,cheetah
846,rooster
846,llama
846,frog
846,fish
846,shark
846,dolphin
846,starfish
846,clam
846,oyster
846,horseshoe crab
846,osprey
846,leech
846,grasshopper
846,beetle
846,stinkbug
846,lion
846,tiger
846,bear
846,mountain lion
846,hedgehog
846,wolverine
847,monkey
847,elephant
847,rhino
847,dog
847,cat
847,otter
847,manatee
847,shark
847,bengal tiger
847,lion
847,african elephant
847,asian elephant
847,woolly mammoth
847,dinosaur
847,stingray
847,shrimp
847,siberian cat
847,husky
847,polar bear
847,grizzly bear
847,black bear
847,wolf
847,fox
847,chimpanzee
847,gorilla
848,cat
848,mouse
848,rat
848,dog
848,lion
848,tiger
848,bengal tiger
848,polar bear
848,grizzly bear
848,sun bear
848,black bear
848,giraffe
848,bear
848,okapi
848,zebra
848,deer
848,elk
848,horse
848,whale
848,blue whale
848,sperm whale
848,humpback whale
848,shark
848,hammerhead shark
848,great white shark
848,whale shark
848,orca
848,dolphin
848,jellyfish
848,goldfish
849,giraffe
849,zebra
849,cat
849,parrot
849,dog
849,bunny
849,bird
849,snake
849,jellyfish
849,shark
849,whale
849,horse
849,platypus
849,penguin
849,tiger
849,lion
849,zebra
849,rhino
849,monkey
849,gorilla
849,flamingo
849,owl
849,duck
849,goose
849,alligator
849,crocodile
850,bear
850,cheetah
850,snake
850,bobcat
850,cat
850,parakeet
850,raccoon
850,rabbit
850,jaguar
850,kangaroo
851,dog
851,bird
851,human
851,monkey
851,dragon
851,unicorn
851,griffon
851,cat
851,turtle
851,meerkat
851,bobcat
851,lion
851,tiger
851,walrus
851,hippo
851,seal
851,whale
851,killer whale
851,jellyfish
851,koi fish
851,suckerfish
851,manatee
851,alligator
851,crocodile
851,iguana
851,ostrich
851,ox
851,mule
851,donkey
851,horse
851,camel
852,cat
852,dog
852,iguana
852,elephant
852,tiger
852,manatee
852,lizard
852,penguin
852,hyena
852,cheetah
852,worm
852,antelope
852,anteater
852,hippo
852,crocodile
852,alligator
852,seagull
852,cardinal
852,ant
852,spider
852,bear
852,fish
852,shark
852,octopus
852,mosquito
853,dog
853,cat
853,fish
853,crab
853,shark
853,whale
853,manatee
853,snake
853,walrus
853,otter
854,dog
854,cat
854,dolphin
854,crocodile
854,sheep
854,bear
854,pig
854,cow
854,cat
854,insect
854,parakeet
854,rhino
854,lion
854,giraffe
854,hippo
854,deer
854,gazelle
854,meerkat
854,fish
854,goldfish
854,bird
854,frog
855,lion
855,zebra
855,giraffe
855,alligator
855,gazelle
855,wildebeest
855,bear
855,salmon
855,whale
855,squid
855,octopus
855,shellfish
855,crab
855,snail
855,dog
855,cat
855,mouse
855,canary
855,eagle
855,blackbird
855,crow
855,lion
855,dolphin
855,anglerfish
855,puma
855,rabbit
855,squirrel
855,mole
855,chipmunk
856,lion
856,tiger
856,bear
856,monkey
856,caterpillar
856,dog
856,cat
856,german shepherd
856,chicken
856,goat
856,cow
856,squirrel
856,deer
856,polar bear
856,bison
856,sheep
856,orangutan
856,bird
856,grasshopper
857,cat
857,dog
857,lion
857,shark
857,dolphin
857,blue jay
857,fox
857,monkey
857,gorilla
857,snake
857,giraffe
857,alligator
857,goldfish
858,cat
858,kangaroo
858,dog
858,rabbit
858,shark
858,octopus
858,cow
858,chicken
858,rooster
858,frog
858,toad
858,chicken
858,turtle
858,lizard
858,whale
858,fish
858,shark
858,octopus
858,gerbil
858,hamster
858,dolphin
858,starfish
859,dog
859,cat
859,parrot
859,bird
859,toucan
859,butterfly
859,lizard
859,horse
859,cow
859,chicken
859,donkey
859,goose
859,dolphin
859,whale
859,killer whale
859,shark
859,eel
859,fish
859,catfish
859,blowfish
859,pufferfish
859,shellfish
859,goat
859,lamb
859,donkey
859,elephant
859,zebra
859,flamingo
860,dog
860,cat
860,bird
860,parakeet
860,cheetah
860,lion
860,rhino
860,frog
860,gorilla
860,ostrich
860,lizard
860,cow
860,goat
860,chicken
860,rooster
860,puma
861,dog
861,cat
861,bird
861,snake
861,rabbit
861,bunny
861,ant
861,anteater
861,mammoth
861,sabertoothed tiger
861,tiger
861,lion
861,bird
861,eagle
861,camel
861,horse
862,dog
862,cat
862,ferret
862,pig
862,cow
862,chicken
862,dolphin
862,gorilla
862,sparrow
862,crow
862,frog
862,mouse
862,rat
862,horse
862,llama
862,chicken
862,giraffe
862,rhinoceros
862,shark
862,toucan
862,lemur
862,monkey
863,dog
863,cat
863,chicken
863,cow
863,giraffe
863,lion
863,antelope
863,hyena
863,tiger
863,lion
863,snake
863,penguin
863,bird
863,skunk
863,anteater
863,eagle
863,bear
863,polar bear
863,puma
863,mountain lion
863,ram
863,bull
863,horse
864,dog
864,cat
864,snake
864,gerbil
864,cow
864,mouse
864,deer
864,pig
864,horse
864,ox
864,bird
864,pelican
864,eagle
864,rattlesnake
864,scorpion
864,seagull
864,alligator
864,lizard
864,spider
864,coyote
864,wolf
864,bear
865,dog
865,zebra
865,goat
865,bat
865,baboon
865,elephant
865,giraffe
865,turtle
865,horse
865,mouse
865,lizard
865,alligator
865,chimpanzee
865,bird
865,owl
865,groundhog
865,raccoon
865,fish
866,dog
866,cow
866,elephant
866,giraffe
866,groundhog
866,squirrel
866,raccoon
866,possum
866,deer
866,cat
866,mouse
866,fish
866,eagle
866,canary
866,crow
866,bluebird
866,mole
866,vole
866,ferret
866,lion
866,tiger
867,ant
867,dog
867,cat
867,squirrel
867,elephant
867,zebra
867,hippo
867,crocodile
867,shark
867,sea cucumber
867,stingray
867,octopus
867,jellyfish
867,bird
867,blue jay
867,cardinal
867,hamster
867,mouse
867,rat
867,beaver
867,crane
867,mink
867,lion
867,bobcat
867,panther
867,jaguar
867,frog
867,lizard
868,cat
868,fox
868,wolf
868,dog
868,lemur
868,chimpanzee
868,gorilla
868,orangutan
868,bonobo
868,whale
868,dolphin
868,fish
868,shark
868,dolphin
868,eagle
868,woodpecker
868,blowfish
868,swordfish
869,cat
869,dog
869,bear
869,hen
869,elephant
869,giraffe
869,zebra
869,tiger
869,salmon
869,shark
869,whale
869,fish
869,cow
869,pig
869,hawk
869,chicken
869,bird
869,insect
869,crocodile
869,guinea pig
869,fish
869,pig
869,chinchilla
869,hamster
869,gerbil
870,tiger
870,lion
870,bear
870,eagle
870,cockroach
870,ant
870,falcon
870,flamingo
870,roadrunner
870,kangaroo
870,tasmanian devil
870,zebra
870,leopard
870,mountain lion
870,cat
870,chihuahua
870,golden retriever
870,wolf
870,pig
870,cow
870,horse
870,gopher
871,aardvark
871,bat
871,cat
871,dog
871,elephant
871,fish
871,giraffe
871,iguana
871,jaguar
871,monkey
871,gnat
871,praying mantis
871,bee
871,beetle
871,bear
872,okapi
872,lion
872,snow leopard
872,otter
872,eagle
872,snowy owl
872,bear
872,boa constrictor
872,green tree python
872,kiwi
872,cat
872,black panther
872,tiger
872,elephant
872,crane
872,parrot
872,armadillo
872,copperhead
872,canary
872,sparrow
872,horse
872,grackle
873,frog
873,toad
873,cat
873,dog
873,whale
873,fish
873,dolphin
873,shark
873,chicken
873,sheep
873,wolf
873,human
873,rat
873,snake
873,anaconda
873,bird
873,salamander
874,cat
874,dog
874,dinosaur
874,sabertoothed tiger
874,lion
874,jaguar
874,panther
874,beetle
874,dragonfly
874,ocelot
874,lion
874,sealion
874,seal
874,shark
874,pleco
874,platypus
874,caterpillar
874,spider
874,black widow
874,wolverine
874,bear
874,bengal tiger
874,crane
874,heron
874,flamingo
874,polar bear
875,cat
875,dog
875,fish
875,bird
875,whale
875,dolphin
875,giraffe
875,elephant
875,hippo
875,flamingo
875,parakeet
875,emu
875,rhino
875,rabbit
875,lizard
875,snake
875,shark
875,mouse
875,rat
875,ferret
875,guinea pig
875,hamster
875,gerbil
875,chinchilla
875,sugar glider
875,squirrel
875,chipmunk
875,raccoon
875,possum
875,llama
875,alpaca
876,elephant
876,giraffe
876,monkey
876,dog
876,cat
876,goose
876,swan
876,penguin
876,monkey
876,gorilla
876,hummingbird
876,sparrow
876,eagle
876,snake
876,rat
876,mouse
876,cat
877,dog
877,cat
877,lizard
877,chicken
877,turkey
877,doe
877,cow
877,deer
877,bear
877,shark
877,elk
877,moose
877,pigeon
877,bluebird
877,hummingbird
877,polar bear
877,snake
877,spider
877,caterpillar
877,cricket
877,locust
877,horsefly
877,owl
877,tuna
877,bluegill
877,carp
877,bass
877,raccoon
878,dog
878,elephant
878,giraffe
878,monkey
878,pig
878,horse
878,cow
878,sheep
878,manatee
878,whale
878,seal
878,kangaroo
878,crocodile
878,hippopotamus
878,lion
878,cheetah
878,leopard
878,panther
878,panda
878,grizzly bear
878,deer
878,gazelle
878,bird
879,rabbit
879,monkey
879,llama
879,kangaroo
879,orangutan
879,koala
879,bat
879,giraffe
879,cheetah
879,rhino
879,polar bear
879,penguin
901,dog
901,cat
901,elephant
901,swan
901,goose
901,bear
901,panther
901,flamingo
901,lion
901,tiger
901,whale
901,dolphin
901,turtle
901,leopard
901,giraffe
901,gazelle
901,deer
901,cow
901,chicken
901,cardinal
901,pig
901,horse
901,sheep
901,goat
901,gorilla
901,rhino
901,anteater
902,fish
902,lizard
902,dog
902,cat
902,bird
902,turtle
902,horse
902,bear
902,lion
902,tiger
902,bobcat
902,coyote
902,frog
902,fly
902,dragonfly
902,ladybug
902,bumblebee
902,bedbug
902,butterfly
902,polar bear
902,black bear
902,grizzly bear
902,deer
902,pig
902,cow
903,cat
903,dog
903,ferret
903,hamster
903,tiger
903,lion
903,zebra
903,bear
903,red panda
903,panda
903,raccoon
903,dolphin
903,fish
903,shark
903,bird
903,rat
903,mouse
903,cheetah
903,leopard
903,squirrel
904,dog
904,cat
904,hamster
904,guinea pig
904,bird
904,iguana
904,chameleon
904,lion
904,jaguar
904,panther
904,monkey
904,frog
904,whale
904,dolphin
904,fish
904,shark
904,octopus
904,beaver
904,horse
904,pig
904,sheep
904,camel
904,spider
905,dog
905,cat
905,squirrel
905,frog
905,whale
905,dolphin
905,turtle
905,seahorse
905,fish
905,shark
905,monkey
905,bat
905,lizard
905,snake
906,cat
906,dog
906,hamster
906,lion
906,tiger
906,elephant
906,zebra
906,giraffe
906,fish
906,shark
906,whale
906,starfish
906,leopard
906,dog
906,cat
906,hamster
906,horse
906,pig
906,gerbil
906,crocodile
906,rat
906,alligator
906,toucan
906,eagle
907,cat
907,dog
907,zebra
907,leopard
907,lion
907,monkey
907,capybara
907,alligator
907,crocodile
907,squid
907,shark
907,jellyfish
907,starfish
907,sponge
908,lion
908,tiger
908,lynx
908,leopard
908,cat
908,dog
908,fish
908,mouse
908,rat
908,horse
908,cow
908,pig
908,goat
908,sheep
908,sunfish
908,catfish
908,starfish
908,jellyfish
908,lemur
908,monkey
908,gorilla
908,orangutan
908,gecko
908,lizard
908,salamander
908,hamster
908,gerbil
908,skunk
908,mink
908,fox
908,turtle
908,hare
908,rabbit
909,antelope
909,anteater
909,orangutan
909,chimpanzee
909,capybara
909,dog
909,cat
909,moose
909,reindeer
909,elephant
909,tiger
909,lion
909,jaguar
909,mouse
909,rat
909,guinea pig
909,lizard
909,snake
910,shark
910,fish
910,starfish
910,lion
910,tiger
910,bear
910,aardvark
910,zebra
910,quail
910,rhino
910,flamingo
910,whale
910,octopus
910,squid
910,porcupine
910,gorilla
910,orangutan
910,iguana
910,snake
910,tortoise
910,three toed sloth
910,koala
910,toucan
911,dog
911,lion
911,tiger
911,sheep
911,goat
911,frog
911,leech
911,tapeworm
911,earthworm
911,human
911,cat
911,panther
911,cheetah
911,hyena
911,zebra
911,horse
911,cow
911,bull
911,bird
912,dog
912,cat
912,hamster
912,snake
912,elephant
912,giraffe
912,sheep
912,pig
912,cow
912,horse
912,alpaca
912,llama
912,shark
912,dolphin
912,seahorse
912,whale
912,guinea pig
912,starfish
912,crab
912,lobster
912,gerbil
912,monkey
912,gorilla
912,jaguar
912,tiger
913,dog
913,cat
913,cow
913,pig
913,fish
913,monkey
913,gorilla
913,lion
913,tiger
913,deer
913,zebra
913,giraffe
913,elephant
913,hippo
913,ox
913,opossum
913,raccoon
913,squirrel
913,hamster
913,guinea pig
913,ferret
913,horse
913,kangaroo
913,koala
913,orangutan
5501,cat
5501,dog
5501,horse
5501,pig
5501,guinea pig
5501,cow
5501,alligator
5501,crocodile
5501,monkey
5501,goat
5501,sheep
5501,llama
5501,alpaca
5501,reindeer
5501,deer
5501,unicorn
5501,horse
5501,pony
5501,rat
5501,mouse
5501,snake
5501,pigeon
5501,seagull
5501,swan
5501,eagle
5501,fish
5501,shark
5501,dolphin
5501,whale
5502,cat
5502,dog
5502,guinea pig
5502,fish
5502,bearded dragon
5502,snapping turtle
5502,zebra
5502,lion
5502,tiger
5502,bear
5502,horse
5502,kitten
5502,puppy
5502,kitten
5502,lizard
5502,komodo dragon
5502,fruit bat
5502,fruit bat
5502,arctic fox
5502,fennec fox
5503,aardvark
5503,anteater
5503,zebra
5503,giraffe
5503,dog
5503,cat
5503,bird
5503,raccoon
5503,possum
5503,squirrel
5503,bat
5503,mammal
5503,platypus
5503,dolphin
5503,shark
5503,squid
5503,octopus
5503,snake
5504,giraffe
5504,monkey
5504,elephant
5504,lion
5504,tiger
5504,cheetah
5504,frog
5504,bee
5504,monkey
5504,armadillo
5504,porcupine
5504,buffalo
5504,cow
5504,chicken
5504,horse
5504,sheep
5504,salamander
5504,toad
5504,starfish
5505,dog
5505,cat
5505,fish
5505,giraffe
5505,orangutan
5505,octopus
5505,lion
5505,bird
5505,snake
5505,rat
5505,bug
5505,dolphin
5505,whale
5505,duck
5505,pheasant
5505,platypus
5505,squirrel
5505,puffin
5505,cardinal
5505,hawk
5506,dog
5506,bear
5506,dolphin
5506,gorilla
5506,elephant
5506,cardinal
5506,lion
5506,monkey
5506,kangaroo
5506,penguin
5506,seahorse
5506,shark
5506,whale
5507,cat
5507,dog
5507,zebra
5507,emu
5507,lion
5507,penguin
5507,snake
5507,giraffe
5507,monkey
5507,fish
5507,kangaroo
5508,frog
5508,caterpillar
5508,dog
5508,caterpillar
5508,elephant
5508,giraffe
5508,cheetah
5508,lion
5508,jaguar
5508,monkey
5508,orangutan
5508,gorilla
5508,lizard
5508,centipede
5508,person
5508,dinosaur
5508,bird
5508,canary
5508,falcon
5508,peacock
5508,pigeon
5508,deer
5508,antelope
5509,falcon
5509,dog
5509,wolf
5509,coyote
5509,quail
5509,tiger
5509,lion
5509,panther
5509,leopard
5509,elephant
5509,hippo
5509,spider
5509,lizard
5509,turtle
5509,fish
5509,flamingo
5509,alligator
5509,crocodile
5509,goose
5510,tiger
5510,lion
5510,hamster
5510,gerbil
5510,elephant
5510,kangaroo
5510,snake
5510,koala
5510,bird
5510,ostrich
5510,monkey
5510,gorilla
5510,alligator
5510,bear
5510,shark
5510,flamingo
5511,elephant
5511,hippo
5511,giraffe
5511,zebra
5511,octopus
5511,horse
5511,camel
5511,cheetah
5511,orangutan
5511,whale
5511,cow
5511,donkey
5511,giraffe
5511,lion
5511,cat
5511,dog
5511,bird
5511,fish
5512,cat
5512,dog
5512,horse
5512,mouse
5512,chicken
5512,bird
5512,fish
5512,rat
5512,cow
5512,goat
5512,lemur
5512,monkey
5513,tiger
5513,lion
5513,bear
5513,polar bear
5513,black bear
5513,brown bear
5513,koala
5513,marsupial
5513,kangaroo
5513,possum
5513,wombat
5513,spider
5513,insect
5513,butterfly
5513,cardinal
5513,robin
5513,blue jay
5513,canary
5513,cat
5513,dog
5513,fish
5513,lizard
5513,komodo dragon
5513,capybara
5513,snake
5513,python
5514,cat
5514,dog
5514,giraffe
5514,pig
5514,horse
5514,cow
5514,chicken
5514,whale
5514,shark
5514,jellyfish
5514,frog
5514,alligator
5514,hedgehog
5514,sloth
5514,skunk
5514,deer
5514,raccoon
5515,orangutan
5515,gorilla
5515,giraffe
5515,horse
5515,lion
5515,tiger
5515,brown bear
5515,grizzly bear
5515,dog
5515,cat
5515,elephant
5515,sealion
5515,human
5515,bird
5515,polar bear
5515,zebra
5515,antelope
5515,hyena
5515,raccoon
5515,opossum
